,match_id,player1,player2,elapsed_time,set_no,game_no,point_no,p1_sets,p2_sets,p1_games,p2_games,p1_score,p2_score,server,serve_no,point_victor,p1_points_won,p2_points_won,game_victor,set_victor,p1_ace,p2_ace,p1_winner,p2_winner,winner_shot_type,p1_double_fault,p2_double_fault,p1_unf_err,p2_unf_err,p1_net_pt,p2_net_pt,p1_net_pt_won,p2_net_pt_won,p1_break_pt,p2_break_pt,p1_break_pt_won,p2_break_pt_won,p1_break_pt_missed,p2_break_pt_missed,p1_distance_run,p2_distance_run,rally_count,speed_mph,serve_width,serve_depth,return_depth
0,2023-wimbledon-1301,Carlos Alcaraz,Nicolas Jarry,00:00:00,1,1,1,0,0,0,0,0,0,1,2,2,0,1,0,0,0,0,0,0,0,0,0,1,0,0,0,0,0,0,0,0,0,0,0,6.0,7.84,2,95.0,BC,NCTL,ND
1,2023-wimbledon-1301,Carlos Alcaraz,Nicolas Jarry,00:00:38,1,1,2,0,0,0,0,0,15,1,1,1,1,1,0,0,0,0,0,0,0,0,0,0,0,0,0,0,0,0,0,0,0,0,0,5.253,7.094,1,118.0,B,CTL,ND
2,2023-wimbledon-1301,Carlos Alcaraz,Nicolas Jarry,00:01:01,1,1,3,0,0,0,0,15,15,1,1,2,1,2,0,0,0,0,0,0,0,0,0,1,0,0,0,0,0,0,0,0,0,0,0,13.8,19.808,4,120.0,B,NCTL,D
3,2023-wimbledon-1301,Carlos Alcaraz,Nicolas Jarry,00:01:31,1,1,4,0,0,0,0,15,30,1,1,1,2,2,0,0,0,0,1,0,F,0,0,0,0,0,1,0,0,0,0,0,0,0,0,51.108,75.631,13,130.0,BW,CTL,D
4,2023-wimbledon-1301,Carlos Alcaraz,Nicolas Jarry,00:02:21,1,1,5,0,0,0,0,30,30,1,1,1,3,2,0,0,1,0,1,0,0,0,0,0,0,0,0,0,0,0,0,0,0,0,0,0.649,0.813,1,112.0,W,NCTL,
5,2023-wimbledon-1301,Carlos Alcaraz,Nicolas Jarry,00:02:50,1,1,6,0,0,0,0,40,30,1,2,2,3,3,0,0,0,0,0,0,0,0,0,0,0,0,0,0,0,0,0,0,0,0,0,5.291,4.249,2,97.0,BW,NCTL,ND
6,2023-wimbledon-1301,Carlos Alcaraz,Nicolas Jarry,00:03:33,1,1,7,0,0,0,0,40,40,1,1,1,4,3,0,0,1,0,1,0,0,0,0,0,0,0,0,0,0,0,0,0,0,0,0,6.817,17.821,1,109.0,W,CTL,D
7,2023-wimbledon-1301,Carlos Alcaraz,Nicolas Jarry,00:04:01,1,1,8,0,0,0,0,50,40,1,2,2,4,4,0,0,0,0,0,1,F,0,0,0,0,0,1,0,1,0,0,0,0,0,0,17.503,18.067,6,105.0,B,NCTL,ND
8,2023-wimbledon-1301,Carlos Alcaraz,Nicolas Jarry,00:04:48,1,1,9,0,0,0,0,40,40,1,1,1,5,4,0,0,0,0,0,0,0,0,0,0,0,1,0,1,0,0,0,0,0,0,0,34.489,24.594,7,128.0,BC,CTL,D
9,2023-wimbledon-1301,Carlos Alcaraz,Nicolas Jarry,00:05:32,1,1,10,0,0,0,0,50,40,1,1,1,6,4,1,0,0,0,0,0,0,0,0,0,0,0,0,0,0,0,0,0,0,0,0,21.235,27.427,5,110.0,B,NCTL,ND
10,2023-wimbledon-1301,Carlos Alcaraz,Nicolas Jarry,00:07:05,1,2,11,0,0,1,0,0,0,2,1,2,6,5,0,0,0,1,0,1,0,0,0,0,0,0,0,0,0,0,0,0,0,0,0,5.785,4.915,1,112.0,W,CTL,D
11,2023-wimbledon-1301,Carlos Alcaraz,Nicolas Jarry,00:07:28,1,2,12,0,0,1,0,0,15,2,1,1,7,5,0,0,0,0,0,0,0,0,0,0,0,0,0,0,0,0,0,0,0,0,0,19.744,18.244,4,130.0,W,NCTL,D
12,2023-wimbledon-1301,Carlos Alcaraz,Nicolas Jarry,00:08:06,1,2,13,0,0,1,0,15,15,2,1,1,8,5,0,0,0,0,0,0,0,0,0,0,1,0,0,0,0,0,0,0,0,0,0,26.013,18.626,4,120.0,C,NCTL,D
13,2023-wimbledon-1301,Carlos Alcaraz,Nicolas Jarry,00:08:41,1,2,14,0,0,1,0,30,15,2,1,2,8,6,0,0,0,0,0,1,F,0,0,0,0,0,0,0,0,0,0,0,0,0,0,10.667,7.112,3,128.0,W,NCTL,ND
14,2023-wimbledon-1301,Carlos Alcaraz,Nicolas Jarry,00:09:11,1,2,15,0,0,1,0,30,30,2,1,2,8,7,0,0,0,0,0,0,0,0,0,0,0,0,0,0,0,0,0,0,0,0,0,3.399,2.237,1,130.0,C,NCTL,ND
15,2023-wimbledon-1301,Carlos Alcaraz,Nicolas Jarry,00:09:37,1,2,16,0,0,1,0,30,40,2,2,1,9,7,0,0,0,0,0,0,0,0,0,0,0,0,0,0,0,0,0,0,0,0,0,5.3,4.307,2,97.0,BW,NCTL,D
16,2023-wimbledon-1301,Carlos Alcaraz,Nicolas Jarry,00:10:20,1,2,17,0,0,1,0,40,40,2,1,2,9,8,0,0,0,0,0,0,0,0,0,0,0,0,0,0,0,0,0,0,0,0,0,5.245,5.499,1,124.0,BC,NCTL,
17,2023-wimbledon-1301,Carlos Alcaraz,Nicolas Jarry,00:10:45,1,2,18,0,0,1,0,40,50,2,1,2,9,9,2,0,0,0,0,1,F,0,0,0,0,0,1,0,1,0,0,0,0,0,0,15.194,16.594,3,116.0,C,NCTL,ND
18,2023-wimbledon-1301,Carlos Alcaraz,Nicolas Jarry,00:11:24,1,3,19,0,0,1,1,0,0,1,1,1,10,9,0,0,1,0,1,0,0,0,0,0,0,0,0,0,0,0,0,0,0,0,0,0.899,1.073,1,126.0,C,CTL,
19,2023-wimbledon-1301,Carlos Alcaraz,Nicolas Jarry,00:11:47,1,3,20,0,0,1,1,15,0,1,1,1,11,9,0,0,0,0,0,0,0,0,0,0,0,0,0,0,0,0,0,0,0,0,0,18.088,34.756,5,127.0,W,CTL,D
20,2023-wimbledon-1301,Carlos Alcaraz,Nicolas Jarry,00:12:17,1,3,21,0,0,1,1,30,0,1,1,2,11,10,0,0,0,0,0,0,0,0,0,0,0,0,0,0,0,0,0,0,0,0,0,7.288,10.818,2,114.0,BW,NCTL,D
21,2023-wimbledon-1301,Carlos Alcaraz,Nicolas Jarry,00:12:44,1,3,22,0,0,1,1,30,15,1,1,1,12,10,0,0,0,0,0,0,0,0,0,0,1,0,0,0,0,0,0,0,0,0,0,42.166,32.944,9,127.0,B,NCTL,ND
22,2023-wimbledon-1301,Carlos Alcaraz,Nicolas Jarry,00:13:26,1,3,23,0,0,1,1,40,15,1,2,1,13,10,1,0,0,0,0,0,0,0,0,0,0,0,0,0,0,0,0,0,0,0,0,3.782,4.479,1,103.0,BC,NCTL,D
23,2023-wimbledon-1301,Carlos Alcaraz,Nicolas Jarry,00:15:31,1,4,24,0,0,2,1,0,0,2,2,2,13,11,0,0,0,0,0,0,0,0,0,1,0,0,0,0,0,0,0,0,0,0,0,12.601,13.713,3,107.0,BC,NCTL,ND
24,2023-wimbledon-1301,Carlos Alcaraz,Nicolas Jarry,00:16:15,1,4,25,0,0,2,1,0,15,2,1,2,13,12,0,0,0,0,0,0,0,0,0,0,0,0,0,0,0,0,0,0,0,0,0,14.925,13.976,3,111.0,BW,NCTL,ND
25,2023-wimbledon-1301,Carlos Alcaraz,Nicolas Jarry,00:16:47,1,4,26,0,0,2,1,0,30,2,1,2,13,13,0,0,0,1,0,1,0,0,0,0,0,0,0,0,0,0,0,0,0,0,0,0.903,1.067,1,125.0,C,NCTL,
26,2023-wimbledon-1301,Carlos Alcaraz,Nicolas Jarry,00:17:08,1,4,27,0,0,2,1,0,40,2,1,2,13,14,2,0,0,0,0,1,F,0,0,0,0,0,0,0,0,0,0,0,0,0,0,20.027,7.402,3,126.0,W,NCTL,
27,2023-wimbledon-1301,Carlos Alcaraz,Nicolas Jarry,00:17:49,1,5,28,0,0,2,2,0,0,1,1,1,14,14,0,0,0,0,1,0,F,0,0,0,0,0,0,0,0,0,0,0,0,0,0,15.352,29.366,5,116.0,W,CTL,ND
28,2023-wimbledon-1301,Carlos Alcaraz,Nicolas Jarry,00:18:25,1,5,29,0,0,2,2,15,0,1,1,1,15,14,0,0,0,0,0,0,0,0,0,0,0,0,0,0,0,0,0,0,0,0,0,4.285,8.276,1,129.0,C,NCTL,ND
29,2023-wimbledon-1301,Carlos Alcaraz,Nicolas Jarry,00:18:50,1,5,30,0,0,2,2,30,0,1,1,1,16,14,0,0,0,0,0,0,0,0,0,0,0,1,0,1,0,0,0,0,0,0,0,11.974,12.523,3,110.0,BC,NCTL,ND
30,2023-wimbledon-1301,Carlos Alcaraz,Nicolas Jarry,00:19:20,1,5,31,0,0,2,2,40,0,1,2,2,16,15,0,0,0,0,0,0,0,0,0,1,0,0,0,0,0,0,0,0,0,0,0,5.609,6.965,2,113.0,BC,NCTL,ND
31,2023-wimbledon-1301,Carlos Alcaraz,Nicolas Jarry,00:20:03,1,5,32,0,0,2,2,40,15,1,2,2,16,16,0,0,0,0,0,0,0,0,0,0,0,0,0,0,0,0,0,0,0,0,0,8.518,12.74,2,104.0,BC,NCTL,D
32,2023-wimbledon-1301,Carlos Alcaraz,Nicolas Jarry,00:20:55,1,5,33,0,0,2,2,40,30,1,1,2,16,17,0,0,0,0,0,0,0,0,0,1,0,0,0,0,0,0,0,0,0,0,0,8.859,11.439,2,111.0,B,CTL,D
33,2023-wimbledon-1301,Carlos Alcaraz,Nicolas Jarry,00:21:27,1,5,34,0,0,2,2,40,40,1,2,1,17,17,0,0,0,0,0,0,0,0,0,0,0,1,0,1,0,0,0,0,0,0,0,30.782,25.6,5,97.0,C,CTL,D
34,2023-wimbledon-1301,Carlos Alcaraz,Nicolas Jarry,00:22:19,1,5,35,0,0,2,2,50,40,1,1,1,18,17,1,0,0,0,0,0,0,0,0,0,0,1,0,1,0,0,0,0,0,0,0,6.824,9.574,1,114.0,C,NCTL,D
35,2023-wimbledon-1301,Carlos Alcaraz,Nicolas Jarry,00:24:22,1,6,36,0,0,3,2,0,0,2,1,2,18,18,0,0,0,0,0,0,0,0,0,0,0,0,0,0,0,0,0,0,0,0,0,7.809,6.11,1,110.0,W,CTL,ND
36,2023-wimbledon-1301,Carlos Alcaraz,Nicolas Jarry,00:24:53,1,6,37,0,0,3,2,0,15,2,2,1,19,18,0,0,0,0,0,0,0,0,0,0,1,0,0,0,0,0,0,0,0,0,0,29.094,29.593,6,90.0,BW,NCTL,ND
37,2023-wimbledon-1301,Carlos Alcaraz,Nicolas Jarry,00:26:05,1,6,38,0,0,3,2,15,15,2,1,2,19,19,0,0,0,0,0,0,0,0,0,0,0,0,0,0,0,0,0,0,0,0,0,6.815,5.189,1,125.0,C,NCTL,D
38,2023-wimbledon-1301,Carlos Alcaraz,Nicolas Jarry,00:26:30,1,6,39,0,0,3,2,15,30,2,1,2,19,20,0,0,0,0,0,0,0,0,0,0,0,0,0,0,0,0,0,0,0,0,0,2.678,2.617,1,127.0,B,NCTL,ND
39,2023-wimbledon-1301,Carlos Alcaraz,Nicolas Jarry,00:26:56,1,6,40,0,0,3,2,15,40,2,2,2,19,21,2,0,0,0,0,0,0,0,0,0,0,0,0,0,0,0,0,0,0,0,0,5.043,4.667,1,111.0,BW,NCTL,ND
40,2023-wimbledon-1301,Carlos Alcaraz,Nicolas Jarry,00:27:42,1,7,41,0,0,3,3,0,0,1,2,1,20,21,0,0,0,0,1,0,B,0,0,0,0,0,1,0,0,0,0,0,0,0,0,34.233,32.677,9,107.0,BW,NCTL,ND
41,2023-wimbledon-1301,Carlos Alcaraz,Nicolas Jarry,00:28:37,1,7,42,0,0,3,3,15,0,1,1,1,21,21,0,0,0,0,0,0,0,0,0,0,1,0,1,0,0,0,0,0,0,0,0,9.872,19.138,3,120.0,C,NCTL,ND
42,2023-wimbledon-1301,Carlos Alcaraz,Nicolas Jarry,00:29:06,1,7,43,0,0,3,3,30,0,1,1,1,22,21,0,0,0,0,1,0,F,0,0,0,0,0,0,0,0,0,0,0,0,0,0,6.277,11.043,3,115.0,W,CTL,ND
43,2023-wimbledon-1301,Carlos Alcaraz,Nicolas Jarry,00:29:32,1,7,44,0,0,3,3,40,0,1,2,2,22,22,0,0,0,0,0,0,0,0,0,0,0,0,0,0,0,0,0,0,0,0,0,18.076,18.664,6,104.0,BW,NCTL,D
44,2023-wimbledon-1301,Carlos Alcaraz,Nicolas Jarry,00:30:17,1,7,45,0,0,3,3,40,15,1,2,1,23,22,1,0,0,0,0,0,0,0,0,0,0,0,1,0,0,0,0,0,0,0,0,31.727,25.324,5,101.0,B,NCTL,D
45,2023-wimbledon-1301,Carlos Alcaraz,Nicolas Jarry,00:32:34,1,8,46,0,0,4,3,0,0,2,1,2,23,23,0,0,0,0,0,0,0,0,0,0,0,0,0,0,0,0,0,0,0,0,0,5.879,4.853,1,132.0,C,CTL,D
46,2023-wimbledon-1301,Carlos Alcaraz,Nicolas Jarry,00:32:57,1,8,47,0,0,4,3,0,15,2,2,1,24,23,0,0,0,0,0,0,0,0,1,0,1,0,0,0,0,0,0,0,0,0,0,0.929,0.93,0,,W,CTL,
47,2023-wimbledon-1301,Carlos Alcaraz,Nicolas Jarry,00:33:33,1,8,48,0,0,4,3,15,15,2,1,2,24,24,0,0,0,1,0,1,0,0,0,0,0,0,0,0,0,0,0,0,0,0,0,1.427,0.849,1,130.0,C,CTL,
48,2023-wimbledon-1301,Carlos Alcaraz,Nicolas Jarry,00:33:58,1,8,49,0,0,4,3,15,30,2,2,1,25,24,0,0,0,0,0,0,0,0,0,0,1,0,0,0,0,0,0,0,0,0,0,17.838,18.464,6,101.0,BW,NCTL,D
49,2023-wimbledon-1301,Carlos Alcaraz,Nicolas Jarry,00:34:46,1,8,50,0,0,4,3,30,30,2,2,1,26,24,0,0,0,0,1,0,F,0,0,0,0,0,1,0,0,0,0,0,0,0,0,61.781,54.356,16,106.0,B,NCTL,D
50,2023-wimbledon-1301,Carlos Alcaraz,Nicolas Jarry,00:36:02,1,8,51,0,0,4,3,40,30,2,2,1,27,24,1,0,0,0,0,0,0,0,0,0,1,0,0,0,0,1,0,1,0,0,0,29.677,19.121,6,106.0,B,NCTL,ND
51,2023-wimbledon-1301,Carlos Alcaraz,Nicolas Jarry,00:37:18,1,9,52,0,0,5,3,0,0,1,1,1,28,24,0,0,0,0,0,0,0,0,0,0,0,0,0,0,0,0,0,0,0,0,0,3.341,4.725,1,115.0,BW,NCTL,D
52,2023-wimbledon-1301,Carlos Alcaraz,Nicolas Jarry,00:37:44,1,9,53,0,0,5,3,15,0,1,2,2,28,25,0,0,0,0,0,0,0,0,0,0,0,0,0,0,0,0,0,0,0,0,0,5.528,7.524,2,100.0,BW,NCTL,D
53,2023-wimbledon-1301,Carlos Alcaraz,Nicolas Jarry,00:38:26,1,9,54,0,0,5,3,15,15,1,1,1,29,25,0,0,0,0,0,0,0,0,0,0,0,0,0,0,0,0,0,0,0,0,0,4.227,6.116,1,122.0,BC,NCTL,D
54,2023-wimbledon-1301,Carlos Alcaraz,Nicolas Jarry,00:38:54,1,9,55,0,0,5,3,30,15,1,1,2,29,26,0,0,0,0,0,0,0,0,0,0,0,1,0,0,0,0,0,0,0,0,0,11.654,11.702,4,115.0,C,NCTL,ND
55,2023-wimbledon-1301,Carlos Alcaraz,Nicolas Jarry,00:39:29,1,9,56,0,0,5,3,30,30,1,1,1,30,26,0,0,0,0,0,0,0,0,0,0,0,1,0,1,0,0,0,0,0,0,0,11.34,11.519,3,129.0,C,NCTL,ND
56,2023-wimbledon-1301,Carlos Alcaraz,Nicolas Jarry,00:40:01,1,9,57,0,0,5,3,40,30,1,1,2,30,27,0,0,0,0,0,0,0,0,0,1,0,1,0,0,0,0,0,0,0,0,0,9.299,8.077,2,113.0,BW,NCTL,
57,2023-wimbledon-1301,Carlos Alcaraz,Nicolas Jarry,00:40:33,1,9,58,0,0,5,3,40,40,1,1,1,31,27,0,0,0,0,0,0,0,0,0,0,0,0,1,0,0,0,0,0,0,0,0,31.428,29.751,7,114.0,BW,NCTL,D
58,2023-wimbledon-1301,Carlos Alcaraz,Nicolas Jarry,00:41:23,1,9,59,0,0,5,3,50,40,1,2,2,31,28,0,0,0,0,0,1,F,0,0,0,0,0,1,0,1,0,0,0,0,0,0,16.514,17.962,4,88.0,BW,NCTL,ND
59,2023-wimbledon-1301,Carlos Alcaraz,Nicolas Jarry,00:42:31,1,9,60,0,0,5,3,40,40,1,1,2,31,29,0,0,0,0,0,1,F,0,0,0,0,0,1,0,1,0,0,0,0,0,0,21.882,23.411,6,123.0,BC,NCTL,D
60,2023-wimbledon-1301,Carlos Alcaraz,Nicolas Jarry,00:43:18,1,9,61,0,0,5,3,40,50,1,1,1,32,29,0,0,0,0,1,0,B,0,0,0,0,0,0,0,0,0,1,0,0,0,1,18.705,28.259,7,121.0,BC,NCTL,ND
61,2023-wimbledon-1301,Carlos Alcaraz,Nicolas Jarry,00:43:59,1,9,62,0,0,5,3,40,40,1,1,1,33,29,0,0,0,0,0,0,0,0,0,0,0,0,0,0,0,0,0,0,0,0,0,2.109,3.14,1,130.0,C,NCTL,ND
62,2023-wimbledon-1301,Carlos Alcaraz,Nicolas Jarry,00:44:29,1,9,63,0,0,5,3,50,40,1,1,1,34,29,1,1,0,0,0,0,0,0,0,0,1,1,0,1,0,0,0,0,0,0,0,16.592,19.606,3,132.0,BW,NCTL,ND
63,2023-wimbledon-1301,Carlos Alcaraz,Nicolas Jarry,00:47:04,2,1,64,1,0,0,0,0,0,2,1,2,34,30,0,0,0,1,0,1,0,0,0,0,0,0,0,0,0,0,0,0,0,0,0,1.621,0.843,1,123.0,C,NCTL,
64,2023-wimbledon-1301,Carlos Alcaraz,Nicolas Jarry,00:47:27,2,1,65,1,0,0,0,0,15,2,1,2,34,31,0,0,0,1,0,1,0,0,0,0,0,0,0,0,0,0,0,0,0,0,0,0.896,0.864,1,117.0,C,NCTL,
65,2023-wimbledon-1301,Carlos Alcaraz,Nicolas Jarry,00:47:52,2,1,66,1,0,0,0,0,30,2,1,2,34,32,0,0,0,0,0,0,0,0,0,0,0,0,1,0,1,0,0,0,0,0,0,3.619,3.818,1,123.0,B,NCTL,ND
66,2023-wimbledon-1301,Carlos Alcaraz,Nicolas Jarry,00:48:17,2,1,67,1,0,0,0,0,40,2,1,2,34,33,2,0,0,0,0,0,0,0,0,0,0,0,0,0,0,0,0,0,0,0,0,9.33,6.471,1,122.0,C,CTL,ND
67,2023-wimbledon-1301,Carlos Alcaraz,Nicolas Jarry,00:49:17,2,2,68,1,0,0,1,0,0,1,1,1,35,33,0,0,1,0,1,0,0,0,0,0,0,0,0,0,0,0,0,0,0,0,0,0.827,1.015,1,127.0,C,NCTL,
68,2023-wimbledon-1301,Carlos Alcaraz,Nicolas Jarry,00:49:38,2,2,69,1,0,0,1,15,0,1,2,1,36,33,0,0,0,0,0,0,0,0,0,0,0,0,0,0,0,0,0,0,0,0,0,2.754,3.715,1,102.0,BW,NCTL,ND
69,2023-wimbledon-1301,Carlos Alcaraz,Nicolas Jarry,00:50:14,2,2,70,1,0,0,1,30,0,1,2,2,36,34,0,0,0,0,0,1,F,0,0,0,0,0,0,0,0,0,0,0,0,0,0,3.314,3.801,2,111.0,BW,NCTL,D
70,2023-wimbledon-1301,Carlos Alcaraz,Nicolas Jarry,00:51:10,2,2,71,1,0,0,1,30,15,1,1,2,36,35,0,0,0,0,0,0,0,0,0,1,0,0,0,0,0,0,0,0,0,0,0,35.48,40.171,12,118.0,BC,NCTL,D
71,2023-wimbledon-1301,Carlos Alcaraz,Nicolas Jarry,00:51:54,2,2,72,1,0,0,1,30,30,1,1,1,37,35,0,0,1,0,1,0,0,0,0,0,0,0,0,0,0,0,0,0,0,0,0,0.824,1.682,1,126.0,C,NCTL,
72,2023-wimbledon-1301,Carlos Alcaraz,Nicolas Jarry,00:52:21,2,2,73,1,0,0,1,40,30,1,2,2,37,36,0,0,0,0,0,0,0,0,0,1,0,0,0,0,0,0,0,0,0,0,0,11.674,13.243,2,97.0,W,CTL,ND
73,2023-wimbledon-1301,Carlos Alcaraz,Nicolas Jarry,00:53:06,2,2,74,1,0,0,1,40,40,1,2,2,37,37,0,0,0,0,0,0,0,0,0,1,0,0,0,0,0,0,0,0,0,0,0,7.494,9.222,2,105.0,BC,NCTL,D
74,2023-wimbledon-1301,Carlos Alcaraz,Nicolas Jarry,00:54:11,2,2,75,1,0,0,1,40,50,1,1,2,37,38,2,0,0,0,0,0,0,0,0,0,0,0,0,0,0,0,1,0,1,0,0,8.235,10.59,2,129.0,B,NCTL,ND
75,2023-wimbledon-1301,Carlos Alcaraz,Nicolas Jarry,00:54:56,2,3,76,1,0,0,2,0,0,2,1,2,37,39,0,0,0,0,0,0,0,0,0,0,0,0,0,0,0,0,0,0,0,0,0,8.125,7.455,1,126.0,C,CTL,D
76,2023-wimbledon-1301,Carlos Alcaraz,Nicolas Jarry,00:55:20,2,3,77,1,0,0,2,0,15,2,1,2,37,40,0,0,0,0,0,0,0,0,0,0,0,0,0,0,0,0,0,0,0,0,0,9.712,11.06,1,128.0,W,CTL,ND
77,2023-wimbledon-1301,Carlos Alcaraz,Nicolas Jarry,00:55:50,2,3,78,1,0,0,2,0,30,2,1,2,37,41,0,0,0,0,0,1,F,0,0,0,0,0,0,0,0,0,0,0,0,0,0,10.788,5.077,3,108.0,BW,NCTL,D
78,2023-wimbledon-1301,Carlos Alcaraz,Nicolas Jarry,00:57:08,2,3,79,1,0,0,2,0,40,2,2,2,37,42,2,0,0,0,0,0,0,0,0,1,0,0,0,0,0,0,0,0,0,0,0,33.044,35.246,7,101.0,W,CTL,D
79,2023-wimbledon-1301,Carlos Alcaraz,Nicolas Jarry,00:59:22,2,4,80,1,0,0,3,0,0,1,2,2,37,43,0,0,0,0,0,0,0,0,0,0,0,0,0,0,0,0,0,0,0,0,0,54.924,44.017,10,106.0,B,NCTL,D
80,2023-wimbledon-1301,Carlos Alcaraz,Nicolas Jarry,01:00:17,2,4,81,1,0,0,3,0,15,1,1,1,38,43,0,0,0,0,0,0,0,0,0,0,0,0,0,0,0,0,0,0,0,0,0,6.013,9.173,1,111.0,C,NCTL,ND
81,2023-wimbledon-1301,Carlos Alcaraz,Nicolas Jarry,01:00:41,2,4,82,1,0,0,3,15,15,1,1,1,39,43,0,0,1,0,1,0,0,0,0,0,0,0,0,0,0,0,0,0,0,0,0,0.761,0.939,1,110.0,W,CTL,
82,2023-wimbledon-1301,Carlos Alcaraz,Nicolas Jarry,01:01:21,2,4,83,1,0,0,3,30,15,1,1,2,39,44,0,0,0,0,0,0,0,0,0,0,0,0,0,0,0,0,0,0,0,0,0,57.844,40.876,8,119.0,C,CTL,D
83,2023-wimbledon-1301,Carlos Alcaraz,Nicolas Jarry,01:02:05,2,4,84,1,0,0,3,30,30,1,2,2,39,45,0,0,0,0,0,1,B,0,0,0,0,0,1,0,1,0,0,0,0,0,0,12.977,15.558,4,95.0,C,NCTL,ND
84,2023-wimbledon-1301,Carlos Alcaraz,Nicolas Jarry,01:02:54,2,4,85,1,0,0,3,30,40,1,2,1,40,45,0,0,0,0,0,0,0,0,0,0,1,0,0,0,0,0,1,0,0,0,1,9.419,12.316,3,95.0,B,NCTL,ND
85,2023-wimbledon-1301,Carlos Alcaraz,Nicolas Jarry,01:03:50,2,4,86,1,0,0,3,40,40,1,1,1,41,45,0,0,0,0,0,0,0,0,0,0,1,0,0,0,0,0,0,0,0,0,0,14.306,18.004,3,102.0,BW,CTL,ND
86,2023-wimbledon-1301,Carlos Alcaraz,Nicolas Jarry,01:04:21,2,4,87,1,0,0,3,50,40,1,2,1,42,45,1,0,0,0,0,0,0,0,0,0,0,0,0,0,0,0,0,0,0,0,0,46.74,38.948,11,120.0,B,NCTL,D
87,2023-wimbledon-1301,Carlos Alcaraz,Nicolas Jarry,01:05:38,2,5,88,1,0,1,3,0,0,2,1,2,42,46,0,0,0,0,0,1,F,0,0,0,0,0,0,0,0,0,0,0,0,0,0,31.199,15.177,5,113.0,W,CTL,D
88,2023-wimbledon-1301,Carlos Alcaraz,Nicolas Jarry,01:06:16,2,5,89,1,0,1,3,0,15,2,1,2,42,47,0,0,0,0,0,0,0,0,0,0,0,0,1,0,1,0,0,0,0,0,0,11.273,7.428,1,128.0,W,NCTL,D
89,2023-wimbledon-1301,Carlos Alcaraz,Nicolas Jarry,01:06:46,2,5,90,1,0,1,3,0,30,2,2,1,43,47,0,0,0,0,1,0,B,0,0,0,0,0,1,0,0,0,0,0,0,0,0,22.467,16.135,6,111.0,C,NCTL,ND
90,2023-wimbledon-1301,Carlos Alcaraz,Nicolas Jarry,01:07:42,2,5,91,1,0,1,3,15,30,2,1,1,44,47,0,0,0,0,0,0,0,0,0,0,1,0,0,0,0,0,0,0,0,0,0,36.689,27.317,8,131.0,BW,NCTL,D
91,2023-wimbledon-1301,Carlos Alcaraz,Nicolas Jarry,01:08:26,2,5,92,1,0,1,3,30,30,2,1,1,45,47,0,0,0,0,0,0,0,0,0,0,1,0,0,0,0,0,0,0,0,0,0,39.829,32.608,10,134.0,C,NCTL,D
92,2023-wimbledon-1301,Carlos Alcaraz,Nicolas Jarry,01:09:19,2,5,93,1,0,1,3,40,30,2,1,2,45,48,0,0,0,0,0,0,0,0,0,0,0,0,1,0,1,1,0,0,0,1,0,30.783,24.947,5,123.0,B,NCTL,ND
93,2023-wimbledon-1301,Carlos Alcaraz,Nicolas Jarry,01:10:24,2,5,94,1,0,1,3,40,40,2,2,1,46,48,0,0,0,0,0,0,0,0,0,0,0,0,0,0,0,0,0,0,0,0,0,39.903,38.624,10,107.0,C,NCTL,ND
94,2023-wimbledon-1301,Carlos Alcaraz,Nicolas Jarry,01:11:30,2,5,95,1,0,1,3,50,40,2,1,2,46,49,0,0,0,0,0,0,0,0,0,0,0,0,1,0,1,1,0,0,0,1,0,26.961,12.75,3,118.0,W,CTL,ND
95,2023-wimbledon-1301,Carlos Alcaraz,Nicolas Jarry,01:12:08,2,5,96,1,0,1,3,40,40,2,1,2,46,50,0,0,0,0,0,0,0,0,0,0,0,0,0,0,0,0,0,0,0,0,0,6.211,4.663,1,131.0,C,NCTL,ND
96,2023-wimbledon-1301,Carlos Alcaraz,Nicolas Jarry,01:12:37,2,5,97,1,0,1,3,40,50,2,1,2,46,51,2,0,0,0,0,1,F,0,0,0,0,0,1,0,1,0,0,0,0,0,0,20.629,16.426,5,129.0,BW,NCTL,
97,2023-wimbledon-1301,Carlos Alcaraz,Nicolas Jarry,01:14:48,2,6,98,1,0,1,4,0,0,1,2,2,46,52,0,0,0,0,0,0,0,0,0,0,0,0,0,0,0,0,0,0,0,0,0,6.367,14.617,2,115.0,C,NCTL,ND
98,2023-wimbledon-1301,Carlos Alcaraz,Nicolas Jarry,01:15:27,2,6,99,1,0,1,4,0,15,1,1,1,47,52,0,0,0,0,0,0,0,0,0,0,0,0,0,0,0,0,0,0,0,0,0,4.716,6.076,1,109.0,C,NCTL,ND
99,2023-wimbledon-1301,Carlos Alcaraz,Nicolas Jarry,01:15:55,2,6,100,1,0,1,4,15,15,1,2,2,47,53,0,0,0,0,0,0,0,0,0,1,0,0,0,0,0,0,0,0,0,0,0,5.607,6.246,2,91.0,C,NCTL,ND
100,2023-wimbledon-1301,Carlos Alcaraz,Nicolas Jarry,01:16:53,2,6,101,1,0,1,4,15,30,1,1,1,48,53,0,0,0,0,0,0,0,0,0,0,0,0,0,0,0,0,0,0,0,0,0,2.576,4.202,1,126.0,W,NCTL,ND
101,2023-wimbledon-1301,Carlos Alcaraz,Nicolas Jarry,01:17:22,2,6,102,1,0,1,4,30,30,1,1,1,49,53,0,0,0,0,0,0,0,0,0,0,0,0,0,0,0,0,0,0,0,0,0,12.352,19.512,1,108.0,B,NCTL,D
102,2023-wimbledon-1301,Carlos Alcaraz,Nicolas Jarry,01:17:48,2,6,103,1,0,1,4,40,30,1,1,2,49,54,0,0,0,0,0,1,F,0,0,0,0,0,0,0,0,0,0,0,0,0,0,29.38,47.896,10,97.0,W,NCTL,D
103,2023-wimbledon-1301,Carlos Alcaraz,Nicolas Jarry,01:18:30,2,6,104,1,0,1,4,40,40,1,1,1,50,54,0,0,0,0,1,0,B,0,0,0,0,1,0,1,0,0,0,0,0,0,0,7.675,16.449,3,127.0,C,NCTL,
104,2023-wimbledon-1301,Carlos Alcaraz,Nicolas Jarry,01:19:01,2,6,105,1,0,1,4,50,40,1,2,1,51,54,1,0,0,0,1,0,0,0,0,0,0,0,0,0,0,0,0,0,0,0,0,0.75,1.157,1,121.0,C,NCTL,
105,2023-wimbledon-1301,Carlos Alcaraz,Nicolas Jarry,01:19:57,2,7,106,1,0,2,4,0,0,2,1,1,52,54,0,0,0,0,0,0,0,0,0,0,1,0,0,0,0,0,0,0,0,0,0,17.854,13.776,4,118.0,BC,NCTL,D
106,2023-wimbledon-1301,Carlos Alcaraz,Nicolas Jarry,01:20:31,2,7,107,1,0,2,4,15,0,2,1,2,52,55,0,0,0,0,0,0,0,0,0,1,0,0,0,0,0,0,0,0,0,0,0,17.377,13.994,3,128.0,W,NCTL,D
107,2023-wimbledon-1301,Carlos Alcaraz,Nicolas Jarry,01:21:06,2,7,108,1,0,2,4,15,15,2,1,2,52,56,0,0,0,0,0,0,0,0,0,1,0,0,0,0,0,0,0,0,0,0,0,14.452,17.608,3,132.0,C,NCTL,D
108,2023-wimbledon-1301,Carlos Alcaraz,Nicolas Jarry,01:21:41,2,7,109,1,0,2,4,15,30,2,1,2,52,57,0,0,0,0,0,1,F,0,0,0,0,0,1,0,1,0,0,0,0,0,0,13.127,10.798,3,125.0,W,CTL,
109,2023-wimbledon-1301,Carlos Alcaraz,Nicolas Jarry,01:22:15,2,7,110,1,0,2,4,15,40,2,1,1,53,57,0,0,0,0,0,0,0,0,0,0,0,0,0,0,0,0,0,0,0,0,0,40.298,14.758,2,108.0,W,NCTL,ND
110,2023-wimbledon-1301,Carlos Alcaraz,Nicolas Jarry,01:22:46,2,7,111,1,0,2,4,30,40,2,2,1,54,57,0,0,0,0,0,0,0,0,0,0,1,0,1,0,0,0,0,0,0,0,0,50.075,39.635,8,98.0,BW,NCTL,ND
111,2023-wimbledon-1301,Carlos Alcaraz,Nicolas Jarry,01:23:58,2,7,112,1,0,2,4,40,40,2,2,1,55,57,0,0,0,0,0,0,0,0,0,0,1,0,0,0,0,0,0,0,0,0,0,33.142,28.309,8,115.0,BC,NCTL,D
112,2023-wimbledon-1301,Carlos Alcaraz,Nicolas Jarry,01:25:01,2,7,113,1,0,2,4,50,40,2,1,2,55,58,0,0,0,0,0,0,0,0,0,0,0,0,0,0,0,1,0,0,0,1,0,11.436,5.977,1,120.0,C,CTL,ND
113,2023-wimbledon-1301,Carlos Alcaraz,Nicolas Jarry,01:25:32,2,7,114,1,0,2,4,40,40,2,1,2,55,59,0,0,0,0,0,1,F,0,0,0,0,0,1,0,1,0,0,0,0,0,0,32.537,26.376,7,130.0,C,NCTL,D
114,2023-wimbledon-1301,Carlos Alcaraz,Nicolas Jarry,01:26:17,2,7,115,1,0,2,4,40,50,2,1,1,56,59,0,0,0,0,0,0,0,0,0,0,1,0,1,0,0,0,0,0,0,0,0,15.161,12.446,4,124.0,BW,NCTL,D
115,2023-wimbledon-1301,Carlos Alcaraz,Nicolas Jarry,01:26:59,2,7,116,1,0,2,4,40,40,2,2,1,57,59,0,0,0,0,0,0,0,0,0,0,0,0,1,0,0,0,0,0,0,0,0,26.033,22.001,6,113.0,B,CTL,ND
116,2023-wimbledon-1301,Carlos Alcaraz,Nicolas Jarry,01:28:28,2,7,117,1,0,2,4,50,40,2,1,1,58,59,1,0,0,0,0,0,0,0,0,0,1,0,0,0,0,1,0,1,0,0,0,9.834,6.693,2,130.0,BW,NCTL,ND
117,2023-wimbledon-1301,Carlos Alcaraz,Nicolas Jarry,01:30:29,2,8,118,1,0,3,4,0,0,1,1,1,59,59,0,0,0,0,0,0,0,0,0,0,0,0,0,0,0,0,0,0,0,0,0,2.388,3.901,1,109.0,W,CTL,ND
118,2023-wimbledon-1301,Carlos Alcaraz,Nicolas Jarry,01:30:48,2,8,119,1,0,3,4,15,0,1,2,1,60,59,0,0,0,0,0,0,0,0,0,0,0,0,0,0,0,0,0,0,0,0,0,3.157,3.993,1,91.0,BW,NCTL,D
119,2023-wimbledon-1301,Carlos Alcaraz,Nicolas Jarry,01:31:21,2,8,120,1,0,3,4,30,0,1,2,1,61,59,0,0,0,0,0,0,0,0,0,0,1,0,1,0,0,0,0,0,0,0,0,9.182,15.422,3,100.0,B,NCTL,D
120,2023-wimbledon-1301,Carlos Alcaraz,Nicolas Jarry,01:31:59,2,8,121,1,0,3,4,40,0,1,1,1,62,59,1,0,0,0,1,0,F,0,0,0,0,0,0,0,0,0,0,0,0,0,0,9.346,12.581,3,113.0,C,CTL,ND
121,2023-wimbledon-1301,Carlos Alcaraz,Nicolas Jarry,01:32:45,2,9,122,1,0,4,4,0,0,2,1,1,63,59,0,0,0,0,0,0,0,0,0,0,0,0,0,0,0,0,0,0,0,0,0,8.636,7.568,2,130.0,BC,NCTL,D
122,2023-wimbledon-1301,Carlos Alcaraz,Nicolas Jarry,01:33:11,2,9,123,1,0,4,4,15,0,2,1,2,63,60,0,0,0,1,0,1,0,0,0,0,0,0,0,0,0,0,0,0,0,0,0,1.547,1.046,1,125.0,C,NCTL,
123,2023-wimbledon-1301,Carlos Alcaraz,Nicolas Jarry,01:33:37,2,9,124,1,0,4,4,15,15,2,2,2,63,61,0,0,0,0,0,0,0,0,0,0,0,0,0,0,0,0,0,0,0,0,0,4.077,3.731,1,106.0,C,NCTL,ND
124,2023-wimbledon-1301,Carlos Alcaraz,Nicolas Jarry,01:34:16,2,9,125,1,0,4,4,15,30,2,1,2,63,62,0,0,0,1,0,1,0,0,0,0,0,0,0,0,0,0,0,0,0,0,0,7.731,4.601,1,123.0,C,NCTL,D
125,2023-wimbledon-1301,Carlos Alcaraz,Nicolas Jarry,01:34:42,2,9,126,1,0,4,4,15,40,2,1,2,63,63,2,0,0,0,0,0,0,0,0,0,0,0,0,0,0,0,0,0,0,0,0,30.357,15.027,3,126.0,C,NCTL,D
126,2023-wimbledon-1301,Carlos Alcaraz,Nicolas Jarry,01:36:28,2,10,127,1,0,4,5,0,0,1,1,1,64,63,0,0,0,0,0,0,0,0,0,0,0,0,0,0,0,0,0,0,0,0,0,5.517,10.031,1,127.0,C,NCTL,D
127,2023-wimbledon-1301,Carlos Alcaraz,Nicolas Jarry,01:36:57,2,10,128,1,0,4,5,15,0,1,2,2,64,64,0,0,0,0,0,0,0,0,0,0,0,0,0,0,0,0,0,0,0,0,0,18.229,36.142,6,119.0,BC,NCTL,D
128,2023-wimbledon-1301,Carlos Alcaraz,Nicolas Jarry,01:38:01,2,10,129,1,0,4,5,15,15,1,2,1,65,64,0,0,0,0,0,0,0,0,0,0,1,0,0,0,0,0,0,0,0,0,0,2.83,3.42,1,91.0,C,NCTL,ND
129,2023-wimbledon-1301,Carlos Alcaraz,Nicolas Jarry,01:38:43,2,10,130,1,0,4,5,30,15,1,1,1,66,64,0,0,0,0,0,0,0,0,0,0,0,0,0,0,0,0,0,0,0,0,0,32.24,55.37,7,115.0,BC,NCTL,ND
130,2023-wimbledon-1301,Carlos Alcaraz,Nicolas Jarry,01:39:23,2,10,131,1,0,4,5,40,15,1,1,2,66,65,0,0,0,0,0,0,0,0,0,0,0,0,0,0,0,0,0,0,0,0,0,9.467,13.062,2,114.0,BW,NCTL,
131,2023-wimbledon-1301,Carlos Alcaraz,Nicolas Jarry,01:39:56,2,10,132,1,0,4,5,40,30,1,1,1,67,65,1,0,0,0,0,0,0,0,0,0,0,0,0,0,0,0,0,0,0,0,0,18.941,24.158,5,119.0,C,NCTL,ND
132,2023-wimbledon-1301,Carlos Alcaraz,Nicolas Jarry,01:40:44,2,11,133,1,0,5,5,0,0,2,1,2,67,66,0,0,0,1,0,1,0,0,0,0,0,0,0,0,0,0,0,0,0,0,0,1.087,0.648,1,111.0,W,CTL,
133,2023-wimbledon-1301,Carlos Alcaraz,Nicolas Jarry,01:41:10,2,11,134,1,0,5,5,0,15,2,1,2,67,67,0,0,0,0,0,0,0,0,0,0,0,0,0,0,0,0,0,0,0,0,0,7.276,4.743,1,132.0,B,CTL,D
134,2023-wimbledon-1301,Carlos Alcaraz,Nicolas Jarry,01:41:39,2,11,135,1,0,5,5,0,30,2,2,1,68,67,0,0,0,0,0,0,0,0,0,0,1,0,0,0,0,0,0,0,0,0,0,10.946,8.844,2,105.0,C,NCTL,D
135,2023-wimbledon-1301,Carlos Alcaraz,Nicolas Jarry,01:42:22,2,11,136,1,0,5,5,15,30,2,1,2,68,68,0,0,0,0,0,0,0,0,0,0,0,0,0,0,0,0,0,0,0,0,0,28.855,13.468,3,132.0,BW,CTL,ND
136,2023-wimbledon-1301,Carlos Alcaraz,Nicolas Jarry,01:43:15,2,11,137,1,0,5,5,15,40,2,2,2,68,69,2,0,0,0,0,0,0,0,0,0,0,0,0,0,0,0,0,0,0,0,0,4.713,5.199,1,100.0,BC,NCTL,D
137,2023-wimbledon-1301,Carlos Alcaraz,Nicolas Jarry,01:45:24,2,12,138,1,0,5,6,0,0,1,1,1,69,69,0,0,1,0,1,0,0,0,0,0,0,0,0,0,0,0,0,0,0,0,0,7.323,7.217,1,129.0,C,NCTL,D
138,2023-wimbledon-1301,Carlos Alcaraz,Nicolas Jarry,01:45:59,2,12,139,1,0,5,6,15,0,1,2,1,70,69,0,0,0,0,0,0,0,0,0,0,0,0,0,0,0,0,0,0,0,0,0,1.865,3.688,1,98.0,BW,NCTL,ND
139,2023-wimbledon-1301,Carlos Alcaraz,Nicolas Jarry,01:46:38,2,12,140,1,0,5,6,30,0,1,2,1,71,69,0,0,0,0,0,0,0,0,0,0,0,0,0,0,0,0,0,0,0,0,0,1.945,2.386,1,122.0,BC,NCTL,ND
140,2023-wimbledon-1301,Carlos Alcaraz,Nicolas Jarry,01:47:17,2,12,141,1,0,5,6,40,0,1,1,1,72,69,1,0,0,0,0,0,0,0,0,0,0,0,1,0,0,0,0,0,0,0,0,18.845,42.672,3,129.0,BC,NCTL,ND
141,2023-wimbledon-1301,Carlos Alcaraz,Nicolas Jarry,01:48:12,2,13,142,1,0,6,6,0,0,2,1,2,72,70,0,0,0,0,0,0,0,0,0,0,0,0,0,0,0,0,0,0,0,0,0,68.799,52.441,15,128.0,C,NCTL,ND
142,2023-wimbledon-1301,Carlos Alcaraz,Nicolas Jarry,01:49:11,2,13,143,1,0,6,6,0,15,1,1,1,73,70,0,0,0,0,0,0,0,0,0,0,0,0,0,0,0,0,0,0,0,0,0,5.871,5.357,1,127.0,B,NCTL,D
143,2023-wimbledon-1301,Carlos Alcaraz,Nicolas Jarry,01:49:37,2,13,144,1,0,6,6,15,15,1,2,1,74,70,0,0,0,0,0,0,0,0,0,0,0,0,0,0,0,0,0,0,0,0,0,51.185,46.792,13,100.0,BC,NCTL,ND
144,2023-wimbledon-1301,Carlos Alcaraz,Nicolas Jarry,01:51:32,2,13,145,1,0,6,6,30,15,2,1,2,74,71,0,0,0,0,0,1,0,0,0,0,0,0,0,0,0,0,0,0,0,0,0,9.273,6.262,1,128.0,W,CTL,ND
145,2023-wimbledon-1301,Carlos Alcaraz,Nicolas Jarry,01:52:03,2,13,146,1,0,6,6,30,30,2,1,2,74,72,0,0,0,1,0,1,0,0,0,0,0,0,0,0,0,0,0,0,0,0,0,4.948,4.836,1,130.0,C,CTL,
146,2023-wimbledon-1301,Carlos Alcaraz,Nicolas Jarry,01:52:41,2,13,147,1,0,6,6,30,40,1,1,1,75,72,0,0,0,0,0,0,0,0,0,0,0,1,0,1,0,0,0,0,0,0,0,24.001,22.749,5,119.0,BC,NCTL,ND
147,2023-wimbledon-1301,Carlos Alcaraz,Nicolas Jarry,01:53:43,2,13,148,1,0,6,6,40,40,1,1,1,76,72,0,0,0,0,0,0,0,0,0,0,0,0,0,0,0,0,0,0,0,0,0,4.91,8.583,1,111.0,W,CTL,D
148,2023-wimbledon-1301,Carlos Alcaraz,Nicolas Jarry,01:54:25,2,13,149,1,0,6,6,50,40,2,1,2,76,73,0,0,0,0,0,0,0,0,0,0,0,0,0,0,0,0,0,0,0,0,0,10.121,8.641,1,127.0,B,NCTL,D
149,2023-wimbledon-1301,Carlos Alcaraz,Nicolas Jarry,01:54:57,2,13,150,1,0,6,6,40,40,2,2,2,76,74,0,0,0,0,0,0,0,0,0,1,0,0,0,0,0,0,0,0,0,0,0,12.105,12.593,3,104.0,B,NCTL,D
150,2023-wimbledon-1301,Carlos Alcaraz,Nicolas Jarry,01:55:53,2,13,151,1,0,6,6,40,50,1,1,1,77,74,0,0,0,0,1,0,F,0,0,0,0,0,1,0,0,0,0,0,0,0,0,19.083,27.636,5,130.0,B,CTL,ND
151,2023-wimbledon-1301,Carlos Alcaraz,Nicolas Jarry,01:56:32,2,13,152,1,0,6,6,40,40,1,1,1,78,74,0,0,0,0,1,0,F,0,0,0,0,1,0,1,0,0,0,0,0,0,0,4.877,7.639,3,129.0,BC,CTL,ND
152,2023-wimbledon-1301,Carlos Alcaraz,Nicolas Jarry,01:57:11,2,13,153,1,0,6,6,50,40,2,1,2,78,75,0,0,0,0,0,0,0,0,0,0,0,0,1,0,1,0,0,0,0,0,0,20.076,14.846,3,129.0,W,CTL,
153,2023-wimbledon-1301,Carlos Alcaraz,Nicolas Jarry,01:58:25,2,13,154,1,0,6,6,40,40,2,1,2,78,76,0,0,0,0,0,0,0,0,0,0,0,0,0,0,0,0,0,0,0,0,0,5.514,4.409,1,128.0,C,NCTL,ND
154,2023-wimbledon-1301,Carlos Alcaraz,Nicolas Jarry,01:59:04,2,13,155,1,0,6,6,40,50,1,1,2,78,77,2,2,0,0,0,0,0,0,0,0,0,0,0,0,0,0,0,0,0,0,0,28.777,19.769,4,122.0,BC,NCTL,ND
155,2023-wimbledon-1301,Carlos Alcaraz,Nicolas Jarry,02:04:05,3,1,156,1,1,0,0,0,0,1,2,1,79,77,0,0,0,0,0,0,0,0,0,0,1,0,0,0,0,0,0,0,0,0,0,26.561,47.51,7,96.0,B,CTL,D
156,2023-wimbledon-1301,Carlos Alcaraz,Nicolas Jarry,02:04:50,3,1,157,1,1,0,0,15,0,1,2,2,79,78,0,0,0,0,0,0,0,0,0,0,0,0,1,0,1,0,0,0,0,0,0,17.347,25.367,4,96.0,B,NCTL,ND
157,2023-wimbledon-1301,Carlos Alcaraz,Nicolas Jarry,02:05:38,3,1,158,1,1,0,0,15,15,1,2,1,80,78,0,0,0,0,0,0,0,0,0,0,0,0,0,0,0,0,0,0,0,0,0,3.959,3.97,1,126.0,C,CTL,ND
158,2023-wimbledon-1301,Carlos Alcaraz,Nicolas Jarry,02:06:20,3,1,159,1,1,0,0,30,15,1,2,2,80,79,0,0,0,0,0,0,0,1,0,1,0,0,0,0,0,0,0,0,0,0,0,5.45,6.694,0,,B,CTL,ND
159,2023-wimbledon-1301,Carlos Alcaraz,Nicolas Jarry,02:07:02,3,1,160,1,1,0,0,30,30,1,1,1,81,79,0,0,0,0,0,0,0,0,0,0,0,0,0,0,0,0,0,0,0,0,0,4.131,5.861,1,113.0,W,CTL,D
160,2023-wimbledon-1301,Carlos Alcaraz,Nicolas Jarry,02:07:27,3,1,161,1,1,0,0,40,30,1,1,1,82,79,1,0,0,0,0,0,0,0,0,0,0,0,0,0,0,0,0,0,0,0,0,6.968,15.75,1,113.0,C,NCTL,ND
161,2023-wimbledon-1301,Carlos Alcaraz,Nicolas Jarry,02:08:41,3,2,162,1,1,1,0,0,0,2,1,1,83,79,0,0,0,0,0,0,0,0,0,0,0,1,0,1,0,0,0,0,0,0,0,33.675,33.494,8,126.0,C,NCTL,ND
162,2023-wimbledon-1301,Carlos Alcaraz,Nicolas Jarry,02:09:28,3,2,163,1,1,1,0,15,0,2,1,2,83,80,0,0,0,0,0,0,0,0,0,0,0,0,1,0,1,0,0,0,0,0,0,9.172,6.57,1,130.0,W,NCTL,ND
163,2023-wimbledon-1301,Carlos Alcaraz,Nicolas Jarry,02:10:00,3,2,164,1,1,1,0,15,15,2,2,2,83,81,0,0,0,0,0,1,B,0,0,0,0,0,0,0,0,0,0,0,0,0,0,52.816,20.502,3,109.0,B,NCTL,ND
164,2023-wimbledon-1301,Carlos Alcaraz,Nicolas Jarry,02:10:55,3,2,165,1,1,1,0,15,30,2,1,1,84,81,0,0,0,0,0,0,0,0,0,0,0,0,0,0,0,0,0,0,0,0,0,9.47,6.624,2,128.0,BW,NCTL,D
165,2023-wimbledon-1301,Carlos Alcaraz,Nicolas Jarry,02:11:35,3,2,166,1,1,1,0,30,30,2,1,1,85,81,0,0,0,0,0,0,0,0,0,0,1,0,1,0,0,0,0,0,0,0,0,17.922,14.558,4,130.0,C,NCTL,ND
166,2023-wimbledon-1301,Carlos Alcaraz,Nicolas Jarry,02:12:15,3,2,167,1,1,1,0,40,30,2,1,2,85,82,0,0,0,0,0,1,F,0,0,0,0,0,1,0,1,1,0,0,0,1,0,11.452,10.886,3,127.0,W,CTL,
167,2023-wimbledon-1301,Carlos Alcaraz,Nicolas Jarry,02:12:53,3,2,168,1,1,1,0,40,40,2,2,1,86,82,0,0,0,0,0,0,0,0,0,0,1,0,0,0,0,0,0,0,0,0,0,8.123,6.082,2,114.0,BW,NCTL,ND
168,2023-wimbledon-1301,Carlos Alcaraz,Nicolas Jarry,02:13:38,3,2,169,1,1,1,0,50,40,2,1,2,86,83,0,0,0,0,0,0,0,0,0,0,0,0,0,0,0,1,0,0,0,1,0,27.335,7.822,1,130.0,W,CTL,ND
169,2023-wimbledon-1301,Carlos Alcaraz,Nicolas Jarry,02:14:08,3,2,170,1,1,1,0,40,40,2,1,2,86,84,0,0,0,0,0,1,F,0,0,0,0,0,0,0,0,0,0,0,0,0,0,10.23,7.241,3,118.0,BW,NCTL,ND
170,2023-wimbledon-1301,Carlos Alcaraz,Nicolas Jarry,02:14:53,3,2,171,1,1,1,0,40,50,2,2,1,87,84,0,0,0,0,0,0,0,0,1,0,1,0,0,0,0,0,0,0,0,0,0,11.861,6.606,0,,B,CTL,
171,2023-wimbledon-1301,Carlos Alcaraz,Nicolas Jarry,02:15:48,3,2,172,1,1,1,0,40,40,2,1,2,87,85,0,0,0,0,0,0,0,0,0,0,0,0,0,0,0,0,0,0,0,0,0,6.797,3.806,1,129.0,C,CTL,ND
172,2023-wimbledon-1301,Carlos Alcaraz,Nicolas Jarry,02:16:15,3,2,173,1,1,1,0,40,50,2,1,2,87,86,2,0,0,0,0,1,F,0,0,0,0,0,1,0,1,0,0,0,0,0,0,16.698,14.275,5,128.0,W,NCTL,ND
173,2023-wimbledon-1301,Carlos Alcaraz,Nicolas Jarry,02:16:58,3,3,174,1,1,1,1,0,0,1,2,1,88,86,0,0,0,0,1,0,F,0,0,0,0,0,0,0,0,0,0,0,0,0,0,22.725,30.75,7,92.0,C,NCTL,ND
174,2023-wimbledon-1301,Carlos Alcaraz,Nicolas Jarry,02:17:46,3,3,175,1,1,1,1,15,0,1,1,1,89,86,0,0,0,0,1,0,F,0,0,0,0,0,0,0,0,0,0,0,0,0,0,10.8,19.121,3,114.0,C,NCTL,ND
175,2023-wimbledon-1301,Carlos Alcaraz,Nicolas Jarry,02:18:16,3,3,176,1,1,1,1,30,0,1,1,2,89,87,0,0,0,0,0,1,F,0,0,0,0,0,0,0,0,0,0,0,0,0,0,28.877,32.934,6,127.0,C,NCTL,D
176,2023-wimbledon-1301,Carlos Alcaraz,Nicolas Jarry,02:18:53,3,3,177,1,1,1,1,30,15,1,2,2,89,88,0,0,0,0,0,0,0,0,0,1,0,0,0,0,0,0,0,0,0,0,0,16.725,14.741,4,95.0,BW,CTL,ND
177,2023-wimbledon-1301,Carlos Alcaraz,Nicolas Jarry,02:19:39,3,3,178,1,1,1,1,30,30,1,2,1,90,88,0,0,0,0,0,0,0,0,0,0,1,0,0,0,0,0,0,0,0,0,0,11.081,11.092,3,104.0,BC,NCTL,D
178,2023-wimbledon-1301,Carlos Alcaraz,Nicolas Jarry,02:20:27,3,3,179,1,1,1,1,40,30,1,1,1,91,88,1,0,1,0,1,0,0,0,0,0,0,0,0,0,0,0,0,0,0,0,0,7.905,24.521,1,122.0,W,CTL,D
179,2023-wimbledon-1301,Carlos Alcaraz,Nicolas Jarry,02:22:46,3,4,180,1,1,2,1,0,0,2,2,1,92,88,0,0,0,0,0,0,0,0,0,0,1,0,1,0,0,0,0,0,0,0,0,9.981,13.467,2,108.0,B,NCTL,ND
180,2023-wimbledon-1301,Carlos Alcaraz,Nicolas Jarry,02:23:36,3,4,181,1,1,2,1,15,0,2,1,1,93,88,0,0,0,0,1,0,F,0,0,0,0,0,1,0,0,0,0,0,0,0,0,27.698,24.671,6,129.0,BW,CTL,D
181,2023-wimbledon-1301,Carlos Alcaraz,Nicolas Jarry,02:24:21,3,4,182,1,1,2,1,30,0,2,2,2,93,89,0,0,0,0,0,0,0,0,0,1,0,0,0,0,0,0,0,0,0,0,0,20.258,11.909,3,106.0,B,CTL,D
182,2023-wimbledon-1301,Carlos Alcaraz,Nicolas Jarry,02:25:30,3,4,183,1,1,2,1,30,15,2,1,1,94,89,0,0,0,0,0,0,0,0,0,0,1,0,0,0,0,0,0,0,0,0,0,12.132,7.399,2,127.0,BW,NCTL,D
183,2023-wimbledon-1301,Carlos Alcaraz,Nicolas Jarry,02:25:59,3,4,184,1,1,2,1,40,15,2,1,1,95,89,1,0,0,0,0,0,0,0,0,0,0,0,0,0,0,1,0,1,0,0,0,25.215,21.594,6,133.0,C,NCTL,ND
184,2023-wimbledon-1301,Carlos Alcaraz,Nicolas Jarry,02:26:45,3,5,185,1,1,3,1,0,0,1,1,1,96,89,0,0,1,0,1,0,0,0,0,0,0,0,0,0,0,0,0,0,0,0,0,0.585,0.853,1,130.0,C,NCTL,
185,2023-wimbledon-1301,Carlos Alcaraz,Nicolas Jarry,02:27:09,3,5,186,1,1,3,1,15,0,1,1,1,97,89,0,0,0,0,1,0,0,0,0,0,0,0,0,0,0,0,0,0,0,0,0,1.91,3.696,1,127.0,W,CTL,D
186,2023-wimbledon-1301,Carlos Alcaraz,Nicolas Jarry,02:27:35,3,5,187,1,1,3,1,30,0,1,2,1,98,89,0,0,0,0,0,0,0,0,0,0,1,0,0,0,0,0,0,0,0,0,0,26.138,27.732,9,103.0,BC,NCTL,ND
187,2023-wimbledon-1301,Carlos Alcaraz,Nicolas Jarry,02:28:21,3,5,188,1,1,3,1,40,0,1,2,2,98,90,0,0,0,0,0,0,0,1,0,1,0,0,0,0,0,0,0,0,0,0,0,1.076,1.74,0,,W,CTL,
188,2023-wimbledon-1301,Carlos Alcaraz,Nicolas Jarry,02:28:59,3,5,189,1,1,3,1,40,15,1,1,1,99,90,1,0,1,0,1,0,0,0,0,0,0,0,0,0,0,0,0,0,0,0,0,0.778,1.077,1,107.0,W,CTL,
189,2023-wimbledon-1301,Carlos Alcaraz,Nicolas Jarry,02:31:03,3,6,190,1,1,4,1,0,0,2,2,1,100,90,0,0,0,0,0,0,0,0,0,0,1,0,0,0,0,0,0,0,0,0,0,17.965,15.911,4,110.0,C,NCTL,ND
190,2023-wimbledon-1301,Carlos Alcaraz,Nicolas Jarry,02:32:01,3,6,191,1,1,4,1,15,0,2,1,2,100,91,0,0,0,0,0,1,0,0,0,0,0,0,0,0,0,0,0,0,0,0,0,1.075,0.785,1,121.0,C,NCTL,
191,2023-wimbledon-1301,Carlos Alcaraz,Nicolas Jarry,02:32:24,3,6,192,1,1,4,1,15,15,2,2,2,100,92,0,0,0,0,0,0,0,0,0,0,0,0,0,0,0,0,0,0,0,0,0,4.072,3.528,1,107.0,W,NCTL,D
192,2023-wimbledon-1301,Carlos Alcaraz,Nicolas Jarry,02:33:01,3,6,193,1,1,4,1,15,30,2,2,1,101,92,0,0,0,0,0,0,0,0,0,0,0,1,0,1,0,0,0,0,0,0,0,15.125,18.237,2,105.0,BW,NCTL,D
193,2023-wimbledon-1301,Carlos Alcaraz,Nicolas Jarry,02:34:04,3,6,194,1,1,4,1,30,30,2,2,2,101,93,0,0,0,0,0,1,F,0,0,0,0,0,0,0,0,0,0,0,0,0,0,8.346,8.608,3,111.0,BC,NCTL,ND
194,2023-wimbledon-1301,Carlos Alcaraz,Nicolas Jarry,02:34:46,3,6,195,1,1,4,1,30,40,2,1,2,101,94,2,0,0,0,0,0,0,0,0,0,0,0,1,0,1,0,0,0,0,0,0,11.882,6.858,1,132.0,W,NCTL,ND
195,2023-wimbledon-1301,Carlos Alcaraz,Nicolas Jarry,02:35:22,3,7,196,1,1,4,2,0,0,1,1,1,102,94,0,0,0,0,1,0,0,0,0,0,0,0,0,0,0,0,0,0,0,0,0,3.652,5.284,1,107.0,W,NCTL,ND
196,2023-wimbledon-1301,Carlos Alcaraz,Nicolas Jarry,02:35:46,3,7,197,1,1,4,2,15,0,1,1,1,103,94,0,0,0,0,0,0,0,0,0,0,0,0,0,0,0,0,0,0,0,0,0,13.487,15.647,3,117.0,W,CTL,ND
197,2023-wimbledon-1301,Carlos Alcaraz,Nicolas Jarry,02:36:15,3,7,198,1,1,4,2,30,0,1,2,1,104,94,0,0,0,0,0,0,0,0,0,0,1,0,0,0,0,0,0,0,0,0,0,14.958,15.843,3,90.0,BC,NCTL,ND
198,2023-wimbledon-1301,Carlos Alcaraz,Nicolas Jarry,02:36:54,3,7,199,1,1,4,2,40,0,1,1,1,105,94,1,0,1,0,1,0,0,0,0,0,0,0,0,0,0,0,0,0,0,0,0,0.778,0.859,1,109.0,W,CTL,
199,2023-wimbledon-1301,Carlos Alcaraz,Nicolas Jarry,02:38:49,3,8,200,1,1,5,2,0,0,2,1,2,105,95,0,0,0,0,0,0,0,0,0,0,0,0,0,0,0,0,0,0,0,0,0,6.718,4.45,1,126.0,C,NCTL,D
200,2023-wimbledon-1301,Carlos Alcaraz,Nicolas Jarry,02:39:09,3,8,201,1,1,5,2,0,15,2,1,1,106,95,0,0,0,0,0,0,0,0,0,0,1,0,0,0,0,0,0,0,0,0,0,7.631,6.643,2,116.0,BC,NCTL,ND
201,2023-wimbledon-1301,Carlos Alcaraz,Nicolas Jarry,02:39:39,3,8,202,1,1,5,2,15,15,2,1,2,106,96,0,0,0,0,0,0,0,0,0,0,0,0,1,0,1,0,0,0,0,0,0,70.044,52.444,9,116.0,BW,NCTL,ND
202,2023-wimbledon-1301,Carlos Alcaraz,Nicolas Jarry,02:40:34,3,8,203,1,1,5,2,15,30,2,1,1,107,96,0,0,0,0,1,0,B,0,0,0,0,0,0,0,0,0,0,0,0,0,0,42.94,42.683,10,127.0,BW,NCTL,ND
203,2023-wimbledon-1301,Carlos Alcaraz,Nicolas Jarry,02:41:28,3,8,204,1,1,5,2,30,30,2,1,1,108,96,0,0,0,0,0,0,0,0,0,0,1,0,0,0,0,0,0,0,0,0,0,21.835,17.538,4,114.0,BW,NCTL,D
204,2023-wimbledon-1301,Carlos Alcaraz,Nicolas Jarry,02:42:07,3,8,205,1,1,5,2,40,30,2,1,2,108,97,0,0,0,1,0,1,0,0,0,0,0,0,0,0,0,1,0,0,0,1,0,0.729,0.772,1,127.0,W,CTL,
205,2023-wimbledon-1301,Carlos Alcaraz,Nicolas Jarry,02:42:35,3,8,206,1,1,5,2,40,40,2,1,2,108,98,0,0,0,1,0,1,0,0,0,0,0,0,0,0,0,0,0,0,0,0,0,1.617,0.719,1,114.0,W,CTL,
206,2023-wimbledon-1301,Carlos Alcaraz,Nicolas Jarry,02:43:02,3,8,207,1,1,5,2,40,50,2,1,2,108,99,2,0,0,1,0,1,0,0,0,0,0,0,0,0,0,0,0,0,0,0,0,1.136,0.73,1,124.0,C,NCTL,
207,2023-wimbledon-1301,Carlos Alcaraz,Nicolas Jarry,02:43:47,3,9,208,1,1,5,3,0,0,1,2,1,109,99,0,0,0,0,0,0,0,0,0,0,0,0,0,0,0,0,0,0,0,0,0,7.308,36.062,1,97.0,C,CTL,ND
208,2023-wimbledon-1301,Carlos Alcaraz,Nicolas Jarry,02:44:30,3,9,209,1,1,5,3,15,0,1,1,1,110,99,0,0,0,0,1,0,F,0,0,0,0,1,0,1,0,0,0,0,0,0,0,12.63,22.045,3,109.0,C,NCTL,
209,2023-wimbledon-1301,Carlos Alcaraz,Nicolas Jarry,02:45:05,3,9,210,1,1,5,3,30,0,1,2,1,111,99,0,0,0,0,0,0,0,0,0,0,1,0,0,0,0,0,0,0,0,0,0,4.239,3.606,1,95.0,BC,NCTL,D
210,2023-wimbledon-1301,Carlos Alcaraz,Nicolas Jarry,02:45:58,3,9,211,1,1,5,3,40,0,1,1,2,111,100,0,0,0,0,0,0,0,0,0,1,0,1,0,0,0,0,0,0,0,0,0,8.358,15.575,2,112.0,C,NCTL,ND
211,2023-wimbledon-1301,Carlos Alcaraz,Nicolas Jarry,02:46:29,3,9,212,1,1,5,3,40,15,1,1,1,112,100,1,1,0,0,0,0,0,0,0,0,0,0,0,0,0,0,0,0,0,0,0,11.526,13.833,1,128.0,C,NCTL,D
212,2023-wimbledon-1301,Carlos Alcaraz,Nicolas Jarry,02:49:17,4,1,213,2,1,0,0,0,0,2,2,1,113,100,0,0,0,0,0,0,0,0,0,0,1,0,1,0,0,0,0,0,0,0,0,32.923,14.93,4,110.0,BW,CTL,ND
213,2023-wimbledon-1301,Carlos Alcaraz,Nicolas Jarry,02:50:03,4,1,214,2,1,0,0,15,0,2,2,2,113,101,0,0,0,0,0,0,0,0,0,0,0,0,0,0,0,0,0,0,0,0,0,16.843,16.987,3,98.0,BW,NCTL,D
214,2023-wimbledon-1301,Carlos Alcaraz,Nicolas Jarry,02:50:48,4,1,215,2,1,0,0,15,15,2,1,2,113,102,0,0,0,0,0,0,0,0,0,0,0,0,0,0,0,0,0,0,0,0,0,8.902,6.893,1,109.0,W,CTL,
215,2023-wimbledon-1301,Carlos Alcaraz,Nicolas Jarry,02:51:12,4,1,216,2,1,0,0,15,30,2,1,2,113,103,0,0,0,0,0,0,0,0,0,0,0,0,1,0,1,0,0,0,0,0,0,7.188,8.153,1,128.0,W,CTL,D
216,2023-wimbledon-1301,Carlos Alcaraz,Nicolas Jarry,02:51:40,4,1,217,2,1,0,0,15,40,2,1,2,113,104,2,0,0,0,0,1,0,0,0,0,0,0,0,0,0,0,0,0,0,0,0,1.203,0.911,1,129.0,C,NCTL,
217,2023-wimbledon-1301,Carlos Alcaraz,Nicolas Jarry,02:52:35,4,2,218,2,1,0,1,0,0,1,1,1,114,104,0,0,0,0,0,0,0,0,0,0,0,0,0,0,0,0,0,0,0,0,0,25.195,30.651,7,121.0,C,NCTL,ND
218,2023-wimbledon-1301,Carlos Alcaraz,Nicolas Jarry,02:53:10,4,2,219,2,1,0,1,15,0,1,2,2,114,105,0,0,0,0,0,0,0,1,0,1,0,0,0,0,0,0,0,0,0,0,0,1.544,2.202,0,,BW,CTL,
219,2023-wimbledon-1301,Carlos Alcaraz,Nicolas Jarry,02:54:03,4,2,220,2,1,0,1,15,15,1,1,2,114,106,0,0,0,0,0,0,0,0,0,1,0,0,0,0,0,0,0,0,0,0,0,12.946,29.134,2,126.0,BC,CTL,ND
220,2023-wimbledon-1301,Carlos Alcaraz,Nicolas Jarry,02:54:43,4,2,221,2,1,0,1,15,30,1,1,1,115,106,0,0,0,0,0,0,0,0,0,0,0,0,0,0,0,0,0,0,0,0,0,4.202,7.353,1,117.0,C,NCTL,ND
221,2023-wimbledon-1301,Carlos Alcaraz,Nicolas Jarry,02:55:10,4,2,222,2,1,0,1,30,30,1,2,2,115,107,0,0,0,0,0,0,0,1,0,1,0,0,0,0,0,0,0,0,0,0,0,5.061,5.626,0,,C,CTL,ND
222,2023-wimbledon-1301,Carlos Alcaraz,Nicolas Jarry,02:55:53,4,2,223,2,1,0,1,30,40,1,2,2,115,108,2,0,0,0,0,0,0,0,0,0,0,0,0,0,0,0,1,0,1,0,0,40.04,44.105,10,93.0,BW,NCTL,ND
223,2023-wimbledon-1301,Carlos Alcaraz,Nicolas Jarry,02:57:09,4,3,224,2,1,0,2,0,0,2,1,2,115,109,0,0,0,0,0,0,0,0,0,0,0,0,1,0,1,0,0,0,0,0,0,15.329,13.638,3,124.0,BC,NCTL,
224,2023-wimbledon-1301,Carlos Alcaraz,Nicolas Jarry,02:57:46,4,3,225,2,1,0,2,0,15,2,2,1,116,109,0,0,0,0,0,0,0,0,0,0,0,0,0,0,0,0,0,0,0,0,0,6.648,6.862,2,113.0,C,NCTL,ND
225,2023-wimbledon-1301,Carlos Alcaraz,Nicolas Jarry,02:58:32,4,3,226,2,1,0,2,15,15,2,1,2,116,110,0,0,0,0,0,0,0,0,0,0,0,0,1,0,1,0,0,0,0,0,0,18.285,13.035,3,112.0,W,NCTL,ND
226,2023-wimbledon-1301,Carlos Alcaraz,Nicolas Jarry,02:59:15,4,3,227,2,1,0,2,15,30,2,1,2,116,111,0,0,0,0,0,1,F,0,0,0,0,0,1,0,1,0,0,0,0,0,0,15.033,14.679,3,129.0,B,NCTL,ND
227,2023-wimbledon-1301,Carlos Alcaraz,Nicolas Jarry,02:59:48,4,3,228,2,1,0,2,15,40,2,1,1,117,111,0,0,0,0,1,0,F,0,0,0,0,1,0,1,0,0,0,0,0,0,0,51.154,40.057,8,113.0,W,CTL,D
228,2023-wimbledon-1301,Carlos Alcaraz,Nicolas Jarry,03:00:40,4,3,229,2,1,0,2,30,40,2,2,1,118,111,0,0,0,0,0,0,0,0,0,0,1,0,0,0,0,0,0,0,0,0,0,37.839,42.274,10,108.0,C,NCTL,D
229,2023-wimbledon-1301,Carlos Alcaraz,Nicolas Jarry,03:01:47,4,3,230,2,1,0,2,40,40,2,1,1,119,111,0,0,0,0,0,0,0,0,0,0,0,0,0,0,0,0,0,0,0,0,0,22.348,25.995,4,117.0,BW,NCTL,D
230,2023-wimbledon-1301,Carlos Alcaraz,Nicolas Jarry,03:02:25,4,3,231,2,1,0,2,50,40,2,1,2,119,112,0,0,0,0,0,1,F,0,0,0,0,0,1,0,1,1,0,0,0,1,0,20.832,18.923,5,131.0,W,CTL,
231,2023-wimbledon-1301,Carlos Alcaraz,Nicolas Jarry,03:03:27,4,3,232,2,1,0,2,40,40,2,1,2,119,113,0,0,0,0,0,0,0,0,0,0,0,0,1,0,1,0,0,0,0,0,0,18.666,20.844,3,127.0,C,NCTL,ND
232,2023-wimbledon-1301,Carlos Alcaraz,Nicolas Jarry,03:04:06,4,3,233,2,1,0,2,40,50,2,1,1,120,113,0,0,0,0,1,0,B,0,0,0,0,0,1,0,0,0,0,0,0,0,0,17.768,17.486,4,119.0,C,NCTL,ND
233,2023-wimbledon-1301,Carlos Alcaraz,Nicolas Jarry,03:05:04,4,3,234,2,1,0,2,40,40,2,1,2,120,114,0,0,0,0,0,1,F,0,0,0,0,0,0,0,0,0,0,0,0,0,0,16.272,4.794,3,,C,NCTL,ND
234,2023-wimbledon-1301,Carlos Alcaraz,Nicolas Jarry,03:05:36,4,3,235,2,1,0,2,40,50,2,1,1,121,114,0,0,0,0,1,0,F,0,0,0,0,0,1,0,0,0,0,0,0,0,0,19.741,11.995,4,129.0,W,CTL,ND
235,2023-wimbledon-1301,Carlos Alcaraz,Nicolas Jarry,03:06:16,4,3,236,2,1,0,2,40,40,2,2,1,122,114,0,0,0,0,0,0,0,0,0,0,1,0,1,0,0,0,0,0,0,0,0,16.566,12.049,4,105.0,BC,NCTL,ND
236,2023-wimbledon-1301,Carlos Alcaraz,Nicolas Jarry,03:07:09,4,3,237,2,1,0,2,50,40,2,1,2,122,115,0,0,0,1,0,1,0,0,0,0,0,0,0,0,0,1,0,0,0,1,0,1.015,0.741,1,121.0,C,CTL,
237,2023-wimbledon-1301,Carlos Alcaraz,Nicolas Jarry,03:07:38,4,3,238,2,1,0,2,40,40,2,2,2,122,116,0,0,0,0,0,1,F,0,0,0,0,0,1,0,1,0,0,0,0,0,0,34.6,48.407,7,110.0,B,NCTL,ND
238,2023-wimbledon-1301,Carlos Alcaraz,Nicolas Jarry,03:09:02,4,3,239,2,1,0,2,40,50,2,1,1,123,116,0,0,0,0,0,0,0,0,0,0,0,0,0,0,0,0,0,0,0,0,0,30.164,23.903,6,128.0,BW,NCTL,ND
239,2023-wimbledon-1301,Carlos Alcaraz,Nicolas Jarry,03:09:55,4,3,240,2,1,0,2,40,40,2,1,2,123,117,0,0,0,0,0,0,0,0,0,0,0,0,0,0,0,0,0,0,0,0,0,11.716,8.067,1,114.0,W,NCTL,D
240,2023-wimbledon-1301,Carlos Alcaraz,Nicolas Jarry,03:10:27,4,3,241,2,1,0,2,40,50,2,1,2,123,118,2,0,0,0,0,0,0,0,0,0,0,0,0,0,0,0,0,0,0,0,0,11.645,8.043,1,119.0,C,NCTL,D
241,2023-wimbledon-1301,Carlos Alcaraz,Nicolas Jarry,03:12:34,4,4,242,2,1,0,3,0,0,1,1,1,124,118,0,0,0,0,0,0,0,0,0,0,0,0,0,0,0,0,0,0,0,0,0,5.839,7.128,1,129.0,BC,CTL,ND
242,2023-wimbledon-1301,Carlos Alcaraz,Nicolas Jarry,03:12:51,4,4,243,2,1,0,3,15,0,1,1,2,124,119,0,0,0,0,0,0,0,0,0,1,0,0,0,0,0,0,0,0,0,0,0,5.707,6.699,2,117.0,BC,NCTL,ND
243,2023-wimbledon-1301,Carlos Alcaraz,Nicolas Jarry,03:13:12,4,4,244,2,1,0,3,15,15,1,2,2,124,120,0,0,0,0,0,0,0,1,0,1,0,0,0,0,0,0,0,0,0,0,0,1.518,3.162,0,,C,CTL,
244,2023-wimbledon-1301,Carlos Alcaraz,Nicolas Jarry,03:13:47,4,4,245,2,1,0,3,15,30,1,1,2,124,121,0,0,0,0,0,0,0,0,0,0,0,0,0,0,0,0,0,0,0,0,0,10.416,9.26,2,112.0,C,NCTL,D
245,2023-wimbledon-1301,Carlos Alcaraz,Nicolas Jarry,03:14:07,4,4,246,2,1,0,3,15,40,1,2,1,125,121,0,0,0,0,0,0,0,0,0,0,0,0,0,0,0,0,1,0,0,0,1,6.55,8.454,1,126.0,BC,NCTL,ND
246,2023-wimbledon-1301,Carlos Alcaraz,Nicolas Jarry,03:14:44,4,4,247,2,1,0,3,30,40,1,1,1,126,121,0,0,0,0,0,0,0,0,0,0,0,1,0,1,0,0,1,0,0,0,1,18.155,25.921,3,110.0,W,CTL,
247,2023-wimbledon-1301,Carlos Alcaraz,Nicolas Jarry,03:15:12,4,4,248,2,1,0,3,40,40,1,2,1,127,121,0,0,0,0,1,0,F,0,0,0,0,1,0,1,0,0,0,0,0,0,0,9.226,9.783,3,111.0,W,NCTL,
248,2023-wimbledon-1301,Carlos Alcaraz,Nicolas Jarry,03:15:53,4,4,249,2,1,0,3,50,40,1,2,1,128,121,1,0,0,0,0,0,0,0,0,0,1,0,0,0,0,0,0,0,0,0,0,23.988,22.561,7,90.0,B,NCTL,ND
249,2023-wimbledon-1301,Carlos Alcaraz,Nicolas Jarry,03:16:58,4,5,250,2,1,1,3,0,0,2,1,2,128,122,0,0,0,0,0,0,0,0,0,0,0,0,0,0,0,0,0,0,0,0,0,14.05,8.179,1,113.0,W,CTL,ND
250,2023-wimbledon-1301,Carlos Alcaraz,Nicolas Jarry,03:17:22,4,5,251,2,1,1,3,0,15,2,1,1,129,122,0,0,0,0,0,0,0,0,0,0,1,0,0,0,0,0,0,0,0,0,0,11.046,4.252,2,129.0,B,NCTL,ND
251,2023-wimbledon-1301,Carlos Alcaraz,Nicolas Jarry,03:17:55,4,5,252,2,1,1,3,15,15,2,2,2,129,123,0,0,0,0,0,1,F,0,0,0,0,0,1,0,1,0,0,0,0,0,0,13.185,8.237,3,99.0,B,NCTL,ND
252,2023-wimbledon-1301,Carlos Alcaraz,Nicolas Jarry,03:18:44,4,5,253,2,1,1,3,15,30,2,1,2,129,124,0,0,0,0,0,1,B,0,0,0,0,0,0,0,0,0,0,0,0,0,0,16.359,7.683,3,123.0,C,NCTL,ND
253,2023-wimbledon-1301,Carlos Alcaraz,Nicolas Jarry,03:19:13,4,5,254,2,1,1,3,15,40,2,1,1,130,124,0,0,0,0,0,0,0,0,0,0,1,0,0,0,0,0,0,0,0,0,0,12.312,4.519,2,128.0,C,NCTL,ND
254,2023-wimbledon-1301,Carlos Alcaraz,Nicolas Jarry,03:19:46,4,5,255,2,1,1,3,30,40,2,1,1,131,124,0,0,0,0,0,0,0,0,0,0,1,0,0,0,0,0,0,0,0,0,0,20.628,14.913,4,131.0,B,NCTL,ND
255,2023-wimbledon-1301,Carlos Alcaraz,Nicolas Jarry,03:20:21,4,5,256,2,1,1,3,40,40,2,1,2,131,125,0,0,0,0,0,0,0,0,0,1,0,0,0,0,0,0,0,0,0,0,0,13.0,11.521,3,131.0,C,NCTL,ND
256,2023-wimbledon-1301,Carlos Alcaraz,Nicolas Jarry,03:20:54,4,5,257,2,1,1,3,40,50,2,1,2,131,126,2,0,0,1,0,1,0,0,0,0,0,0,0,0,0,0,0,0,0,0,0,1.865,1.001,1,116.0,C,CTL,
257,2023-wimbledon-1301,Carlos Alcaraz,Nicolas Jarry,03:22:58,4,6,258,2,1,1,4,0,0,1,2,2,131,127,0,0,0,0,0,0,0,1,0,1,0,0,0,0,0,0,0,0,0,0,0,7.196,14.763,0,,C,NCTL,ND
258,2023-wimbledon-1301,Carlos Alcaraz,Nicolas Jarry,03:23:55,4,6,259,2,1,1,4,0,15,1,2,1,132,127,0,0,0,0,0,0,0,0,0,0,1,0,0,0,0,0,0,0,0,0,0,18.567,17.63,5,92.0,BW,CTL,D
259,2023-wimbledon-1301,Carlos Alcaraz,Nicolas Jarry,03:25:03,4,6,260,2,1,1,4,15,15,1,1,1,133,127,0,0,0,0,0,0,0,0,0,0,0,0,0,0,0,0,0,0,0,0,0,2.312,3.127,1,113.0,BW,NCTL,D
260,2023-wimbledon-1301,Carlos Alcaraz,Nicolas Jarry,03:25:28,4,6,261,2,1,1,4,30,15,1,1,1,134,127,0,0,0,0,0,0,0,0,0,0,0,1,0,1,0,0,0,0,0,0,0,20.729,34.339,5,113.0,BW,CTL,
261,2023-wimbledon-1301,Carlos Alcaraz,Nicolas Jarry,03:26:04,4,6,262,2,1,1,4,40,15,1,1,1,135,127,1,0,1,0,1,0,0,0,0,0,0,0,0,0,0,0,0,0,0,0,0,0.0,0.0,1,131.0,,,
262,2023-wimbledon-1301,Carlos Alcaraz,Nicolas Jarry,03:27:02,4,7,263,2,1,2,4,0,0,2,1,1,136,127,0,0,0,0,0,0,0,0,0,0,0,0,0,0,0,0,0,0,0,0,0,66.051,71.082,16,126.0,BC,NCTL,D
263,2023-wimbledon-1301,Carlos Alcaraz,Nicolas Jarry,03:28:08,4,7,264,2,1,2,4,15,0,2,2,1,137,127,0,0,0,0,0,0,0,0,1,0,1,0,0,0,0,0,0,0,0,0,0,5.41,4.731,0,,BW,CTL,D
264,2023-wimbledon-1301,Carlos Alcaraz,Nicolas Jarry,03:28:56,4,7,265,2,1,2,4,30,0,2,1,2,137,128,0,0,0,0,0,0,0,0,0,0,0,0,0,0,0,0,0,0,0,0,0,6.454,4.538,1,129.0,BC,CTL,D
265,2023-wimbledon-1301,Carlos Alcaraz,Nicolas Jarry,03:29:21,4,7,266,2,1,2,4,30,15,2,1,1,138,128,0,0,0,0,0,0,0,0,0,0,0,0,1,0,0,0,0,0,0,0,0,5.555,5.758,2,129.0,W,CTL,ND
266,2023-wimbledon-1301,Carlos Alcaraz,Nicolas Jarry,03:29:54,4,7,267,2,1,2,4,40,15,2,1,2,138,129,0,0,0,0,0,1,F,0,0,0,0,0,0,0,0,1,0,0,0,1,0,12.044,7.425,3,129.0,BC,CTL,ND
267,2023-wimbledon-1301,Carlos Alcaraz,Nicolas Jarry,03:30:31,4,7,268,2,1,2,4,40,30,2,1,1,139,129,1,0,0,0,0,0,0,0,0,0,1,0,1,0,0,1,0,1,0,0,0,11.127,11.612,2,129.0,W,CTL,ND
268,2023-wimbledon-1301,Carlos Alcaraz,Nicolas Jarry,03:32:27,4,8,269,2,1,3,4,0,0,1,1,1,140,129,0,0,0,0,0,0,0,0,0,0,0,0,0,0,0,0,0,0,0,0,0,29.269,23.931,7,123.0,C,CTL,D
269,2023-wimbledon-1301,Carlos Alcaraz,Nicolas Jarry,03:33:01,4,8,270,2,1,3,4,15,0,1,2,1,141,129,0,0,0,0,1,0,F,0,0,0,0,0,0,0,0,0,0,0,0,0,0,5.17,12.344,3,90.0,W,CTL,ND
270,2023-wimbledon-1301,Carlos Alcaraz,Nicolas Jarry,03:33:45,4,8,271,2,1,3,4,30,0,1,2,2,141,130,0,0,0,0,0,0,0,1,0,1,0,0,0,0,0,0,0,0,0,0,0,4.901,6.558,0,,BC,CTL,
271,2023-wimbledon-1301,Carlos Alcaraz,Nicolas Jarry,03:34:24,4,8,272,2,1,3,4,30,15,1,1,1,142,130,0,0,0,0,0,0,0,0,0,0,0,0,0,0,0,0,0,0,0,0,0,2.559,2.69,1,113.0,BC,NCTL,ND
272,2023-wimbledon-1301,Carlos Alcaraz,Nicolas Jarry,03:34:53,4,8,273,2,1,3,4,40,15,1,1,1,143,130,1,0,0,0,0,0,0,0,0,0,0,0,0,0,0,0,0,0,0,0,0,4.559,5.6,1,115.0,BW,NCTL,ND
273,2023-wimbledon-1301,Carlos Alcaraz,Nicolas Jarry,03:35:32,4,9,274,2,1,4,4,0,0,2,1,2,143,131,0,0,0,0,0,0,0,0,0,0,0,0,0,0,0,0,0,0,0,0,0,6.958,3.314,1,108.0,W,CTL,D
274,2023-wimbledon-1301,Carlos Alcaraz,Nicolas Jarry,03:35:54,4,9,275,2,1,4,4,0,15,2,1,1,144,131,0,0,0,0,0,0,0,0,0,0,1,0,0,0,0,0,0,0,0,0,0,21.572,16.683,4,121.0,C,NCTL,D
275,2023-wimbledon-1301,Carlos Alcaraz,Nicolas Jarry,03:36:26,4,9,276,2,1,4,4,15,15,2,1,2,144,132,0,0,0,1,0,1,0,0,0,0,0,0,0,0,0,0,0,0,0,0,0,1.796,1.106,1,110.0,W,CTL,
276,2023-wimbledon-1301,Carlos Alcaraz,Nicolas Jarry,03:36:52,4,9,277,2,1,4,4,15,30,2,1,2,144,133,0,0,0,0,0,1,F,0,0,0,0,0,1,0,1,0,0,0,0,0,0,14.401,6.747,3,110.0,C,NCTL,ND
277,2023-wimbledon-1301,Carlos Alcaraz,Nicolas Jarry,03:37:21,4,9,278,2,1,4,4,15,40,2,2,2,144,134,2,0,0,0,0,0,0,0,0,1,0,1,0,0,0,0,0,0,0,0,0,28.05,22.624,7,105.0,BC,NCTL,D
278,2023-wimbledon-1301,Carlos Alcaraz,Nicolas Jarry,03:39:32,4,10,279,2,1,4,5,0,0,1,2,1,145,134,0,0,0,0,1,0,B,0,0,0,0,0,0,0,0,0,0,0,0,0,0,8.178,10.283,3,101.0,BC,NCTL,ND
279,2023-wimbledon-1301,Carlos Alcaraz,Nicolas Jarry,03:40:14,4,10,280,2,1,4,5,15,0,1,2,1,146,134,0,0,0,0,0,0,0,0,0,0,1,0,0,0,0,0,0,0,0,0,0,9.464,9.553,3,92.0,B,NCTL,ND
280,2023-wimbledon-1301,Carlos Alcaraz,Nicolas Jarry,03:41:00,4,10,281,2,1,4,5,30,0,1,1,2,146,135,0,0,0,0,0,0,0,0,0,1,0,0,0,0,0,0,0,0,0,0,0,15.671,18.724,4,124.0,BC,NCTL,ND
281,2023-wimbledon-1301,Carlos Alcaraz,Nicolas Jarry,03:41:32,4,10,282,2,1,4,5,30,15,1,1,1,147,135,0,0,0,0,1,0,F,0,0,0,0,1,0,1,0,0,0,0,0,0,0,35.211,41.728,11,121.0,C,NCTL,D
282,2023-wimbledon-1301,Carlos Alcaraz,Nicolas Jarry,03:42:16,4,10,283,2,1,4,5,40,15,1,1,2,147,136,0,0,0,0,0,0,0,0,0,0,0,1,0,0,0,0,0,0,0,0,0,6.304,5.466,2,115.0,W,NCTL,ND
283,2023-wimbledon-1301,Carlos Alcaraz,Nicolas Jarry,03:42:48,4,10,284,2,1,4,5,40,30,1,2,2,147,137,0,0,0,0,0,0,0,0,0,0,0,0,0,0,0,0,0,0,0,0,0,18.374,24.586,6,95.0,BW,NCTL,ND
284,2023-wimbledon-1301,Carlos Alcaraz,Nicolas Jarry,03:43:49,4,10,285,2,1,4,5,40,40,1,1,1,148,137,0,0,0,0,1,0,F,0,0,0,0,0,0,0,0,0,0,0,0,0,0,9.086,13.871,3,129.0,C,CTL,D
285,2023-wimbledon-1301,Carlos Alcaraz,Nicolas Jarry,03:44:23,4,10,286,2,1,4,5,50,40,1,1,1,149,137,1,0,0,0,0,0,0,0,0,0,0,0,0,0,0,0,0,0,0,0,0,3.861,4.678,1,113.0,C,NCTL,ND
286,2023-wimbledon-1301,Carlos Alcaraz,Nicolas Jarry,03:45:10,4,11,287,2,1,5,5,0,0,2,1,2,149,138,0,0,0,0,0,0,0,0,0,0,0,0,0,0,0,0,0,0,0,0,0,14.701,6.51,1,125.0,BC,CTL,ND
287,2023-wimbledon-1301,Carlos Alcaraz,Nicolas Jarry,03:45:48,4,11,288,2,1,5,5,0,15,2,2,1,150,138,0,0,0,0,0,0,0,0,0,0,0,1,0,1,0,0,0,0,0,0,0,10.826,11.492,2,92.0,BW,NCTL,D
288,2023-wimbledon-1301,Carlos Alcaraz,Nicolas Jarry,03:46:28,4,11,289,2,1,5,5,15,15,2,1,2,150,139,0,0,0,0,0,1,F,0,0,0,0,0,1,0,1,0,0,0,0,0,0,26.067,25.256,9,130.0,BC,NCTL,ND
289,2023-wimbledon-1301,Carlos Alcaraz,Nicolas Jarry,03:47:15,4,11,290,2,1,5,5,15,30,2,1,1,151,139,0,0,0,0,0,0,0,0,0,0,0,0,0,0,0,0,0,0,0,0,0,17.319,11.144,4,113.0,C,NCTL,D
290,2023-wimbledon-1301,Carlos Alcaraz,Nicolas Jarry,03:47:51,4,11,291,2,1,5,5,30,30,2,2,1,152,139,0,0,0,0,0,0,0,0,0,0,1,0,1,0,0,0,0,0,0,0,0,31.781,21.505,6,113.0,BW,NCTL,D
291,2023-wimbledon-1301,Carlos Alcaraz,Nicolas Jarry,03:48:58,4,11,292,2,1,5,5,40,30,2,2,1,153,139,1,0,0,0,1,0,B,0,0,0,0,0,0,0,0,1,0,1,0,0,0,6.414,5.129,2,108.0,BW,NCTL,D
292,2023-wimbledon-1301,Carlos Alcaraz,Nicolas Jarry,03:50:55,4,12,293,2,1,6,5,0,0,1,2,2,153,140,0,0,0,0,0,0,0,0,0,1,0,0,0,0,0,0,0,0,0,0,0,36.084,26.436,8,112.0,B,NCTL,D
293,2023-wimbledon-1301,Carlos Alcaraz,Nicolas Jarry,03:51:52,4,12,294,2,1,6,5,0,15,1,1,1,154,140,0,0,0,0,0,0,0,0,0,0,0,1,0,1,0,0,0,0,0,0,0,16.595,20.15,5,120.0,C,NCTL,
294,2023-wimbledon-1301,Carlos Alcaraz,Nicolas Jarry,03:52:30,4,12,295,2,1,6,5,15,15,1,2,1,155,140,0,0,0,0,1,0,F,0,0,0,0,0,1,0,0,0,0,0,0,0,0,27.722,36.86,3,104.0,B,CTL,ND
295,2023-wimbledon-1301,Carlos Alcaraz,Nicolas Jarry,03:53:25,4,12,296,2,1,6,5,30,15,1,1,2,155,141,0,0,0,0,0,0,0,0,0,0,0,1,0,0,0,0,0,0,0,0,0,10.044,9.281,2,130.0,BW,NCTL,ND
296,2023-wimbledon-1301,Carlos Alcaraz,Nicolas Jarry,03:54:01,4,12,297,2,1,6,5,30,30,1,1,2,155,142,0,0,0,0,0,1,B,0,0,0,0,0,0,0,0,0,0,0,0,0,0,52.318,58.723,14,113.0,BW,NCTL,ND
297,2023-wimbledon-1301,Carlos Alcaraz,Nicolas Jarry,03:55:02,4,12,298,2,1,6,5,30,40,1,1,1,156,142,0,0,0,0,0,0,0,0,0,0,0,0,0,0,0,0,1,0,0,0,1,2.056,1.509,1,129.0,B,NCTL,ND
298,2023-wimbledon-1301,Carlos Alcaraz,Nicolas Jarry,03:55:34,4,12,299,2,1,6,5,40,40,1,1,1,157,142,0,0,0,0,0,0,0,0,0,0,0,0,0,0,0,0,0,0,0,0,0,12.292,32.582,1,128.0,C,NCTL,ND
299,2023-wimbledon-1301,Carlos Alcaraz,Nicolas Jarry,03:56:11,4,12,300,2,1,6,5,50,40,1,1,1,158,142,1,1,0,0,0,0,0,0,0,0,0,0,0,0,0,0,0,0,0,0,0,3.767,6.518,1,116.0,BW,NCTL,ND
